Entity,2000,2001,2002,2003,2004,2005,2006,2007,2008,2009,2010,2011,2012,2013,2014,2015,2016,2017
Afghanistan,11.09474322,11.17517826,11.05447241,10.93109267,10.83979025,10.65562638,10.53847527,10.39112875,10.21915363,10.03665661,9.875392582,9.721869255,9.570650579,9.447661387,9.346730598,9.319113991,9.251599862,9.1885684
Albania,4.867019571,5.051083949,5.266104023,5.464625751,5.631023639,5.616377499,5.500652419,5.329978651,5.421475588,5.286600485,5.257754013,5.239571863,5.199616564,5.196816017,5.216570183,5.191083289,5.155579107,5.108780608
Algeria,5.268358672,5.265956226,5.249789225,5.09878635,5.039528554,4.967048953,4.881888922,4.790792192,4.691237623,4.603041345,4.507493344,4.462070327,4.388441623,4.34927012,4.329456577,4.291621911,4.1878147,4.124306462
American Samoa,6.614259369,6.664233558,6.655360533,6.640536302,6.513566492,6.370166906,6.294535668,6.36088207,6.477087698,6.474943099,6.559889929,6.609073415,6.641877766,6.663810971,6.684827128,6.792609725,6.753623477,6.738544884
Andean Latin America,5.99208738,5.804329743,5.901376817,6.019007114,6.050251858,6.094923873,6.024279003,6.046650104,6.115917031,6.232463047,6.227206748,6.133322865,5.97595322,5.724302136,5.555712041,5.467845591,5.410889213,5.389730469
Andorra,9.533035021,9.40646606,9.271336458,9.208443644,9.205391432,9.067001825,8.947916813,8.837502006,8.738516869,8.65729272,8.562680063,8.436108492,8.387059023,8.290929387,8.083799955,7.967667371,7.944369505,7.912272825
Angola,15.78042864,15.40443951,14.94701168,14.83451157,14.90054446,14.41347832,14.23917994,13.88048173,13.61103728,13.39023376,13.17799801,13.04844291,12.9313702,12.74010478,12.33509986,12.16901468,11.98816387,11.96630535
Antigua and Barbuda,2.624641895,2.592134457,2.583096804,2.596712511,2.595665222,2.60167833,2.589962939,2.585438932,2.627149695,2.645781765,2.660230168,2.687918933,2.657853906,2.659581833,2.67756715,2.682500687,2.664481702,2.650124496
Argentina,12.28835527,12.46350279,12.44992756,11.83360221,11.04560039,10.89904752,10.86698397,11.18162893,11.12339426,11.04245788,10.78392196,10.90434089,11.06427887,11.07401041,10.82028868,10.57032058,10.62744585,10.60968195
Armenia,3.715407407,3.906863428,4.142097029,4.386587369,5.023305247,5.821915806,6.792787802,7.024677928,7.697774557,8.128305618,8.513010799,8.749870878,8.847523398,8.602338677,8.517576391,8.522066348,8.464023593,8.263799266
Australasia,12.56527759,12.01453841,11.6289055,11.31449283,10.99873916,10.77424468,10.58438718,10.83180898,10.9450788,10.947482,10.93448071,10.82045094,10.67679026,10.63070826,10.9596458,11.22540328,11.09769257,11.08220908
Australia,12.44325856,11.79419628,11.35699273,10.97537392,10.65348511,10.41425258,10.25500911,10.5408221,10.69683605,10.74031152,10.75843653,10.64535537,10.49414471,10.53358955,10.96272686,11.2778022,11.08186987,11.04688494
Austria,15.91662967,15.38262714,15.12614992,14.65762585,14.20984633,13.79773461,13.0886908,12.9001525,12.48758038,12.87962117,12.78292956,12.45983785,12.1332178,11.89166092,11.84142702,11.77047639,11.42054584,11.20215699
Azerbaijan,3.137434603,3.530223192,3.724613235,4.030179673,4.328853138,4.601097706,4.833657395,5.143127211,4.945721798,4.798191803,4.726909309,4.649638539,4.537995342,4.436538839,4.332896802,4.202942847,4.107187878,4.071032014
Bahamas,3.195061501,3.106689621,2.997781985,2.986367908,2.957948741,2.916657054,2.951952381,2.960268558,3.010864343,3.048829025,3.083000976,3.122921914,3.13089177,3.119303419,3.156458365,3.161859838,3.16952292,3.17229923
Bahrain,7.19097494,7.451074925,7.55723806,7.721511638,7.939496227,7.779529751,7.290588225,6.881515458,6.389655386,5.838648103,5.303096423,4.932405539,4.729990739,4.436463463,4.272502954,4.268414686,4.249785574,4.227149676
Bangladesh,7.882312369,7.63625019,7.41337577,7.177900382,7.205384678,7.324500051,7.505359969,7.64655254,7.63814228,7.46234822,7.482376863,7.061707729,6.732162248,6.487200279,6.42748148,6.217116213,6.040776809,6.032121179
Barbados,4.538947051,4.395257597,4.454249103,4.491566111,4.479656765,4.401617242,4.322654579,4.200245086,4.193634255,4.128722064,4.111697182,4.029115873,3.946698032,3.953020233,3.935124631,3.952914267,3.958051006,3.974271622
Belarus,33.72758037,35.0551137,36.95362752,35.73983409,34.53625807,35.0777284,33.11092188,30.36381932,30.48032543,29.89694257,29.21760042,29.2426896,24.2811457,22.56644214,21.09553997,19.5853203,18.85417888,19.03487291
Belgium,18.49771146,18.22101832,17.77476605,17.29909414,16.58430966,16.43260513,15.9472714,16.17433814,16.43143544,16.3277502,16.17355485,16.32236789,16.10532114,15.62929679,15.07078424,14.90918706,14.42261498,14.27531877
Belize,9.048532504,8.915739416,8.546257748,8.371474287,8.260771318,8.010595424,7.7744098,7.590517845,7.480914672,7.463918744,7.489032686,7.614991763,7.510386109,7.484311897,7.424651679,7.526193195,7.784886233,7.83283388
Benin,12.2600176,12.28190162,12.2938454,12.20744799,12.10015653,11.96787493,11.89261521,11.80092142,11.73335177,11.68465101,11.69077112,11.71402403,11.74786611,11.66619662,11.53343466,11.38338307,11.23485116,11.13786332
Bermuda,4.09674443,3.960364519,3.858001917,3.811070428,3.761269829,3.724056419,3.674925681,3.63437987,3.630524274,3.619929532,3.626654412,3.575805779,3.582876162,3.582952931,3.50593648,3.467461209,3.449199951,3.428443337
Bhutan,7.133372121,6.962672206,6.79389964,6.718548295,6.6090327,6.545564202,6.44371956,6.369431685,6.283661739,6.195509796,6.111584124,6.050095774,5.995023633,5.944346872,5.892241138,5.837235718,5.784970548,5.717799366
Bolivia,8.171102011,7.997725363,7.941279143,7.794260695,7.650739089,7.442831755,7.333737388,7.271032685,7.15554055,7.063533114,6.966135185,6.850586521,6.736757508,6.640963112,6.54466633,6.490374362,6.445286497,6.410848412
Bosnia and Herzegovina,8.694873323,8.259431464,7.832694368,7.363201227,6.90005156,6.920025351,6.6849847,6.917077532,6.547736151,6.314112431,6.112302742,5.961875814,6.233897372,6.632646979,7.007268378,7.002741071,6.933259919,6.847151393
Botswana,13.08186904,13.07368849,13.08300642,13.07158297,12.83066485,12.30405437,11.76846487,10.8619132,10.92523739,10.91331995,10.81892765,10.78622321,10.59372723,10.48915984,10.42371857,10.32602331,10.12045331,10.00756064
Brazil,6.331652424,6.318188171,6.272734495,6.266385207,6.246677176,6.173933403,6.0637318,6.02563486,6.007047992,6.013116894,5.968093623,6.015857698,6.051261689,6.03351673,5.996477592,5.979826161,6.070050194,6.08930437
Brunei,3.974280695,4.119371612,4.325188625,4.541743656,4.737013679,4.92174295,5.077791993,5.256604639,5.405421715,5.582966182,5.72000503,5.839718262,5.950597039,6.049181636,6.091569599,6.098528288,6.123049517,6.224963535
Bulgaria,15.52974926,14.79382224,13.99051194,13.05473613,12.37162774,11.81241765,11.41754685,10.85890315,10.55066136,10.12432886,9.765582461,9.495240021,9.208980168,8.961946893,9.271611189,9.2406229,9.373283872,9.480819739
Burkina Faso,13.3365733,13.17302093,13.00586308,12.9306922,12.86118775,12.73492734,12.72495264,12.63074908,12.56825037,12.52669007,12.74184742,12.78387204,13.04946201,13.14762513,13.22714461,13.26031207,13.29497399,13.21111045
Burundi,17.82252737,16.94953519,16.32174861,15.86123427,15.58429507,15.33208634,14.75739718,14.37578184,14.01055412,13.63825669,13.479749,13.39437519,13.27828599,13.09420538,12.92531853,12.81560595,12.67371223,12.61733573
Cambodia,5.733103999,5.612885048,5.497962539,5.385904,5.292885366,5.202435359,5.098078309,5.017193618,4.93020021,4.876436354,4.819798459,4.777559437,4.728621181,4.682565065,4.649401144,4.620922372,4.590873787,4.544302654
Cameroon,16.32179916,16.13890003,15.96887941,15.81454064,15.7448027,15.75246642,15.75484999,15.70306792,15.6389203,15.59666631,15.54477719,15.35598699,15.12880978,14.88178806,14.69943182,14.44141501,14.26269366,14.02993755
Canada,12.26762518,12.09118414,11.86573873,11.86617672,11.57642082,11.58401597,11.20085988,11.23334988,11.20235688,11.13858343,10.9396813,10.66312604,10.91457943,10.82001543,11.16773412,11.31616846,11.06549341,10.90519483
Cape Verde,15.67808786,16.13773498,16.30146507,16.43733532,16.55306072,16.71779561,16.87579214,16.94714693,17.04497985,17.1565449,17.28706771,17.32584028,17.25444183,17.14589476,17.03131768,16.90531253,16.81054513,16.76617486
Caribbean,10.87999391,10.55539279,10.03307202,9.922062008,9.859663096,9.803408669,9.484523813,9.355335325,9.365320078,9.370475538,9.332161994,9.117342084,9.2520139,9.328629105,9.305709367,9.437984516,9.507754432,9.48786127
Central African Republic,17.85095218,17.7967887,17.88546905,17.79097412,17.66305046,17.62065055,17.64226535,17.41505715,17.20477077,17.20822734,17.44443733,17.47773912,17.26263783,17.35953253,17.25218247,17.17502716,17.05389843,16.92689737
Central Asia,14.78576447,15.08970782,15.13015052,15.39484199,15.76242994,15.92442467,15.63920258,14.99638812,14.15778449,13.28808504,13.06690587,12.87558893,12.69588469,12.37189051,11.99908956,11.61900256,11.52752775,11.47939046
Central Europe,15.3701952,15.14963216,15.00848835,14.82845636,14.57482789,14.44022635,14.16999264,14.07980755,14.04025837,13.86354462,13.46133828,13.14768062,12.98886957,12.53369287,12.17275529,12.20023977,11.81816002,11.65032409
"Central Europe, Eastern Europe, and Central Asia",28.65593096,28.19101038,27.91622019,27.63384195,27.20791473,27.67292324,25.52455265,24.35771642,23.79188211,22.04630224,21.51508023,20.31240356,19.79295464,19.38095645,19.23567253,19.50211574,18.81192231,18.36178666
Central Latin America,6.604504603,6.619027961,6.777396286,6.707976615,6.502133585,6.369583094,6.34960439,6.231872501,6.407387536,6.535819284,6.425782651,6.294432858,6.207867696,6.025872004,6.07143747,6.083487547,6.19453245,6.225884433
Central Sub-Saharan Africa,13.3137554,13.09578595,12.81206213,12.86210897,12.69072912,12.45469645,12.36729395,12.2370277,12.21851676,12.16068684,12.16116846,12.19133029,12.20767199,12.1532393,12.06564952,12.03182703,11.9814665,11.99058317
Chad,11.5830955,11.71764184,11.76066999,11.91143631,11.79638347,11.63930401,11.51671746,11.58674233,11.60986134,11.63498929,11.76783877,11.6740111,11.55266257,11.35690948,11.24252036,11.12817764,11.05716501,11.02355593
Chile,12.84070035,12.6042943,11.8018547,11.68238283,11.57258305,11.28385501,11.20427354,11.37272396,11.45886424,11.83677861,11.36280669,10.86631856,10.40493051,10.23623059,10.10545815,10.10631238,10.14760437,10.13896418
China,14.25527218,12.31006511,11.28759658,11.38137772,11.57354428,11.06674401,10.30612899,9.720343305,9.351640471,9.127688115,8.865148671,8.366369334,7.955845261,7.636712475,7.540028586,7.420151368,7.255174144,7.206170018
Colombia,6.559038651,6.591908392,7.427132788,6.849123472,6.78514365,6.283141549,6.347042037,6.020492354,6.046418109,6.220179077,5.999311168,5.623805524,5.501150363,5.324915144,5.455652666,5.479130065,5.540307678,5.525540639
Comoros,8.856982684,8.570097632,8.4007662,8.20034642,8.661494883,8.561411178,8.528372355,8.474778137,8.466163635,8.422936539,8.378431663,8.421759135,8.420230501,8.387352153,8.366746009,8.349143564,8.343457119,8.317069457
Congo,17.22328969,16.1295293,15.4164847,15.47393327,15.28790331,15.14318481,14.84559998,14.72018786,14.60044038,14.42432228,14.25119214,13.92301851,13.9972239,13.9542053,13.97043417,13.97157613,13.93294336,14.03773379
Costa Rica,7.276432439,7.2778198,7.619114608,7.892481147,7.996036685,7.373474681,7.793398718,7.015717012,7.019874542,6.943682751,7.572602162,7.232165736,7.023584876,7.112510287,6.9847687,7.429134976,7.785396682,7.803471527
Cote d'Ivoire,15.90710539,15.79370042,15.65993793,15.62895491,15.62303271,15.54492884,15.48133957,15.28535566,15.04161282,14.83498766,14.73656263,14.66027251,14.6376221,14.5624095,14.46796322,14.28521143,14.08199016,13.85990324
Croatia,16.67093961,16.16406664,15.88155406,15.75542798,14.92806563,14.91911882,14.32722605,14.34085346,14.43712891,13.51472209,12.83715471,12.57761199,12.55620796,11.84554645,11.85163448,12.0806795,11.3030633,11.05953062
Cuba,15.31017546,14.316739,12.99652737,12.52639888,12.19907072,12.03822108,11.24036029,10.98571683,10.96120692,11.09591808,11.15999907,10.62426972,10.97695226,10.90765728,10.77635879,11.06537423,11.21504693,11.2887855
Cyprus,4.932118343,4.904384403,4.858586322,4.820250264,4.774654386,4.771663946,4.775728382,4.845931387,4.861164815,4.858453281,4.822159424,4.708178271,4.685468583,4.707553633,4.722949631,4.699221642,4.638157858,4.63015026
Czech Republic,13.96317659,13.73002259,13.55820912,13.93465959,13.43629082,13.10372492,12.50600406,12.56359491,12.58109238,12.47131778,12.471992,12.53782081,12.36973237,12.08310734,11.46695525,11.18492337,10.91706348,10.76662756
Democratic Republic of Congo,12.0786509,11.94680208,11.71600656,11.82177451,11.58308473,11.38768493,11.32552006,11.26556636,11.33972396,11.33224719,11.39930549,11.50456323,11.57465892,11.55704396,11.55946755,11.56405477,11.55761551,11.57985157
Denmark,13.03178436,12.444614,12.3219496,11.80024662,11.36485235,10.6485571,10.75402315,10.75269918,10.32912312,10.15695263,9.781867645,9.371362613,9.087963825,8.866468898,8.666310124,8.452166738,8.661886179,8.800279746
Djibouti,9.701896353,9.506492409,9.429211327,9.377620194,9.351150868,9.259793162,9.138757996,9.017023159,8.888504185,8.791427664,8.71445889,8.651154819,8.600954382,8.549445006,8.533655975,8.495386305,8.481605248,8.443490103
Dominica,4.369571484,4.27327082,4.22666318,4.210498844,4.201213164,4.116250605,4.09595792,4.09233416,4.10606173,4.185393156,4.295772495,4.392754151,4.445677407,4.536039003,4.457390822,4.498686877,4.528486812,4.536684169
Dominican Republic,7.31803888,7.388911635,7.570617221,7.906871284,8.143980685,8.073917254,8.013554449,7.731790657,7.550046762,7.468039845,7.494610565,7.336593103,7.654764906,8.207141847,8.557690095,8.866549914,9.028557391,8.924038859
East Asia,14.22569372,12.35900033,11.37531211,11.47240598,11.66950735,11.19643022,10.45617558,9.876232133,9.50684448,9.273839599,9.007198179,8.52440093,8.117946822,7.796465742,7.703066559,7.581427164,7.426910258,7.38156151
Eastern Europe,39.62848885,38.86254849,38.45769272,38.00177587,37.31922093,38.27472,34.60196298,32.74905104,32.04755271,29.21567413,28.58606209,26.61726738,25.83309974,25.46254927,25.59593521,26.33991836,25.320896,24.60499098
Eastern Sub-Saharan Africa,14.57144643,14.11712129,13.76933778,13.517565,13.23610645,12.98972738,12.75536686,12.54323495,12.35504876,12.19433462,12.05862922,11.87966637,11.70770701,11.51084294,11.3658215,11.23660069,11.12525927,11.04724262
Ecuador,7.650557122,7.588574467,8.15196321,8.608290477,9.005101752,9.588999083,9.837333137,10.16198157,10.44377708,10.61747081,10.66838974,10.54268396,10.26807395,9.780455915,9.566042201,9.445860858,9.268925283,9.213644563
Egypt,4.938986891,5.280038329,5.470909768,5.619679746,5.650123639,5.641324294,5.668683941,5.503661288,5.495743565,5.57059607,5.565210282,5.501996186,5.482715271,5.295736307,5.256165862,5.372965454,5.436074107,5.469768775
El Salvador,10.37129841,10.05161446,9.630953541,9.680150955,9.872333312,9.899438952,9.458096701,9.890277571,9.469206596,9.533761845,9.185339076,9.301348032,8.827893506,9.124582884,9.908739423,10.06445064,9.935906243,9.803162539
England,7.936383533,7.697023534,7.550546501,7.411286224,7.101532962,6.955431109,7.08152905,6.988448375,7.124478263,7.022270388,6.880589376,6.667819474,6.513292454,6.715148778,6.765168531,6.842247038,6.889021635,6.869323698
Equatorial Guinea,12.61748073,11.73728777,10.84765462,10.54604144,9.761045725,9.539272193,9.700978488,9.523428063,9.361662721,9.386788975,9.158109412,8.980979569,8.988769234,8.948493813,9.126318759,9.174147351,9.287464918,9.334451063
Eritrea,20.03159157,20.05202086,19.69658312,19.51269703,19.09880486,18.77804514,18.6733311,18.39634661,18.11124923,17.81909636,17.60041267,17.29992142,16.97868134,16.67799853,16.41555794,16.26236284,15.995559,15.7115139
Estonia,28.01180461,28.62369699,26.92579385,24.45163932,22.95502417,21.1934314,20.68293831,20.77485205,18.46333434,16.98310128,15.21470343,15.20615646,15.22729914,13.81596505,13.93177587,13.07150751,12.8737034,12.73872009
Ethiopia,15.41143832,14.67199753,14.0331173,13.53811188,13.14047247,12.69638786,12.40652795,12.11028644,11.90503363,11.74671724,11.49758501,11.14754928,10.76251249,10.31295346,10.08979652,9.8652249,9.702979273,9.633952734
Fiji,11.03569894,10.77308918,10.5048514,10.44878625,10.02886485,9.982858318,9.877975387,9.84482401,10.0445393,9.790100177,9.958086719,10.03914027,10.13194906,10.07120263,10.01017915,9.954958203,9.891468963,9.829020588
Finland,21.1510929,20.10529449,18.88903877,18.38660385,18.37053382,17.67047799,17.22108313,17.36859123,17.12039754,16.75585697,16.21025673,15.33670561,14.7118413,14.22303711,13.35633136,12.62137101,12.72129306,12.94494674
France,17.50282928,17.34128692,17.10679446,16.78422094,15.8682082,15.77977932,15.48299375,15.18385954,15.16309701,15.3752249,15.24734125,14.9076949,14.27056531,13.77708556,13.19075864,12.98537878,12.52282907,12.40029797
Gabon,13.83872578,13.97656647,13.75851772,13.83465163,13.7353107,13.6265262,13.63297432,13.5451211,13.53991473,13.39592221,13.03582598,12.98241524,12.89801607,12.73838952,12.71312232,12.6976372,12.61836091,12.52681535
Gambia,9.464028857,9.601335159,9.707811266,9.745392504,9.726908116,9.748908105,9.723018596,9.682673381,9.585804045,9.583422957,9.533658782,9.606187439,9.689010025,9.723408503,9.745000955,9.753405293,9.743733671,9.706736077
Georgia,5.430460064,5.322284521,5.354219392,5.058298569,5.090602955,4.699132333,4.581936306,4.790458769,5.433886333,5.977085487,6.153191094,6.235293255,6.42577002,6.722582816,7.176614076,7.465389522,7.466652283,7.493722182
Germany,12.16479168,11.84477166,11.70456456,11.57797777,10.98299306,10.61893562,10.23840363,10.05365296,9.989725195,10.01768403,9.994124216,9.847347404,9.605857176,9.662333897,9.415548572,9.692091233,9.903972522,9.917417031
Ghana,8.254884371,8.725254798,9.095286205,9.431199149,9.765665538,9.821289432,9.800883069,9.526398056,9.70508289,9.911082135,10.0364313,10.05824901,10.01040364,9.93059229,9.873223334,9.847412153,9.842042225,9.702396733
Greece,3.014934139,2.937035136,2.853080256,2.934711446,3.004952132,3.057778532,3.028689979,3.162815226,3.197299295,3.336568104,3.357505658,3.513058004,3.634530644,3.566942193,3.615735823,3.663069047,3.548049173,3.506254231
Greenland,78.58067589,77.13132121,75.29432391,73.55686368,72.50488732,71.14640689,69.79954511,67.62227129,66.51679313,65.21526457,63.99491137,62.1087551,60.46276321,59.43176918,58.43569089,52.73603901,51.60994852,51.06323868
Grenada,4.978127167,4.933753137,4.888235407,4.857843195,4.837654866,4.78155676,4.800256147,4.806979589,4.745968231,4.83156976,4.906976317,4.967705128,4.788738727,4.803901404,4.798780876,4.808906012,4.782517421,4.849891851
Guam,17.33953046,17.32080728,17.2499563,17.36044727,17.30937924,17.44918892,17.60920869,18.03030829,18.52808514,18.88649582,19.23785623,19.50303414,19.83256666,19.97503025,20.28000224,20.7427727,20.6720375,20.57044777
Guatemala,14.18948292,14.1989669,13.2026097,13.15955841,12.54226303,11.96898223,11.37421399,9.692881264,8.741978071,7.85608726,7.025720618,6.077593218,5.662550127,5.374575727,5.292477806,5.260248195,5.69529419,5.916702403
Guinea,9.690582983,9.838637186,9.969889828,9.991289933,10.05061015,10.0472389,10.3896287,10.58943165,10.71590195,10.88108595,11.04482777,11.12980291,11.17062783,11.22150031,11.33341875,11.30276043,11.21144128,11.12309955
Guinea-Bissau,14.67248098,14.58383147,14.53979272,14.45403323,14.55576711,14.37273592,14.36908852,14.4073323,14.33244245,14.32758624,14.26297813,14.15711594,14.0887063,14.02912021,13.93424256,13.87843734,13.76097302,13.59474489
Guyana,23.22438024,25.66541041,26.66906422,27.592024,27.81064736,27.99524268,27.77033117,26.78366433,26.2678783,26.03284942,28.21635966,29.42076808,29.94324967,29.2528834,28.17090862,27.31785563,26.63791823,26.07211034
Haiti,9.472654039,9.325311104,9.204755381,9.155978127,9.076254614,9.054841813,9.049740845,9.03813299,9.024026474,9.009012985,8.994930436,8.956313019,8.89203345,8.821070652,8.755730543,8.673928059,8.618418872,8.553154753
High SDI,12.68001086,12.65294731,12.65256272,12.70981647,12.50374691,12.54441172,12.39625607,12.36543078,12.36664073,12.35409797,12.19186593,12.1162869,11.88074759,11.69809421,11.52272422,11.48561694,11.44083571,11.38240783
High-income,12.54225205,12.52904434,12.5545478,12.61450751,12.36395391,12.39763673,12.28550549,12.3161179,12.3700154,12.43066869,12.3075846,12.25402071,12.03653591,11.8934866,11.73967681,11.70472259,11.68256637,11.63370822
High-income Asia Pacific,17.78143293,18.03444865,18.36586555,19.16333911,19.24778742,19.58326445,19.32943891,19.55025716,19.76482088,20.01164295,19.91596846,19.64783324,18.7843482,18.18050387,17.55842123,16.82827822,16.4700368,16.36707762
High-middle SDI,16.26753505,15.2594321,14.6810295,14.42490127,14.14590418,13.9198694,12.79487531,12.11002925,11.71758884,11.0505433,10.72264122,10.13099321,9.792573593,9.537238614,9.444090536,9.433680314,9.165259442,8.984948793
Honduras,5.209292857,5.165159013,5.132502882,5.124785833,5.089645302,5.02000903,4.92109224,4.820332479,4.701756991,4.611315667,4.536855713,4.498692854,4.425898199,4.435247585,4.467264978,4.449066063,4.429900573,4.397348634
Hungary,23.66409057,22.17118229,21.69426717,21.1902231,20.49866897,20.39774498,19.68096119,19.62103684,18.88229795,18.78405732,18.12179326,17.49222783,17.00503444,15.87767821,15.44633988,16.21149289,14.69779403,14.28173103
Iceland,11.72271736,11.37939865,11.05489542,10.78267424,10.42782145,10.15687926,10.01720825,9.901471385,9.815212098,9.81497922,9.688916441,9.556773039,9.657156939,9.810970328,9.901937786,9.836354816,9.838218069,9.608335243
India,19.724828,19.2070647,18.54118074,17.76862469,17.19984556,17.41189593,17.19528285,16.91934868,16.95242305,17.11830359,17.29007824,17.45907339,17.0414596,16.56142617,16.28727736,15.70522051,15.73827567,15.59784439
Indonesia,3.732577164,3.683310151,3.676050715,3.651277482,3.636914746,3.60240644,3.570750532,3.529440729,3.503537514,3.466612316,3.421663517,3.400431701,3.321314957,3.26136563,3.203409691,3.168105308,3.15060259,3.124459497
Iran,6.490899192,6.529891349,6.504076483,6.435498618,6.325482855,6.222288247,6.128834283,6.167680607,6.174915318,6.155730453,6.157135004,6.12215069,6.050167678,5.919657606,5.735812141,5.634616587,5.546188087,5.447743672
Iraq,9.358848471,8.831951679,8.933908989,8.41989021,7.948563807,7.517518838,7.076051593,6.677970278,6.241625479,5.981627066,5.727675375,5.414654133,5.129167539,5.002731951,4.714528818,4.354526363,4.155932559,4.094957682
Ireland,12.76339759,12.43146226,12.0638585,11.26612598,11.23654185,11.14148058,10.99735294,10.97190802,11.17598169,11.62697046,10.6469145,10.7581281,10.35080451,9.776539733,9.369768,8.753767281,8.352954987,8.374148078
Israel,8.901058346,8.737636137,8.376889369,7.977085899,7.643807541,7.644003558,7.304928299,7.147340064,6.936537798,6.79608771,6.731508922,6.480936814,6.274392063,6.116024983,5.927504515,5.907667419,5.7759239,5.733338007
Italy,6.311437286,6.160840943,5.973006941,5.881354616,5.556545173,5.439551456,5.379974003,5.371278728,5.388443926,5.38357085,5.31055498,5.407013976,5.443136908,5.395752172,5.196653997,5.144601682,4.850424784,4.759584776
Jamaica,2.379569835,2.368816208,2.271486171,2.134423597,2.018091044,2.309098151,2.347684545,2.639034949,2.906565372,3.001000581,2.685205332,3.098818407,3.416252429,3.517409827,3.63652763,3.746031432,3.639540845,3.606515878
Japan,18.09275561,18.25106971,18.36405238,18.99229406,18.88961538,19.20129623,18.87269124,18.80590124,18.69993976,18.60491389,18.38078014,18.16469437,17.31651395,16.81711058,16.34572835,15.69282298,15.63227525,15.64795107
Jordan,5.173127148,5.013971232,4.840167126,4.650559239,4.496293116,4.227979287,4.048487566,3.817753665,3.591913701,3.462075193,3.429530869,3.394392292,3.358056002,3.301778923,3.276978198,3.24916363,3.234423461,3.218820217
Kazakhstan,33.43099146,35.03061069,35.43394987,36.91345613,37.9621409,38.28511187,37.94302494,35.80804768,32.96248639,30.06614665,29.53235606,28.497202,27.36906614,25.85464155,23.91206752,22.86606956,22.76949663,22.98552802
Kenya,13.40101285,13.27537941,13.35897563,13.55406324,13.29815761,13.22798352,12.99022022,12.79182274,12.54106923,12.37466395,12.30788706,12.15884142,11.95592979,11.675654,11.4531601,11.30547181,11.18413503,11.05758978
Kiribati,27.45580984,27.26785421,27.186497,27.02755906,26.96051607,26.84244503,26.91485013,27.04949605,27.07331027,27.18789305,27.22716129,27.19996973,27.1409815,27.04628742,26.91119208,26.76510246,26.61380268,26.3786312
Kuwait,3.341008893,3.045228601,3.025221377,2.964496312,3.028656607,3.085181413,3.128929723,3.104356063,3.133874951,3.009587207,2.775687073,2.657514523,2.709702929,2.653116099,2.531229913,2.485094847,2.489959457,2.492573555
Kyrgyzstan,17.15159008,16.96123134,16.91638489,16.64840576,16.31429389,16.07421839,15.60109518,14.93446037,13.89948943,12.98585823,12.71855614,12.53206294,12.32950368,11.84090352,11.41977837,10.76855112,10.16631293,10.01537959
Laos,14.19992966,13.58879873,12.85781336,12.28051298,11.77343762,11.36416514,10.99969988,10.64432497,10.36473378,10.05704649,9.744163718,9.430554078,9.218322324,9.026749169,8.874724356,8.731001184,8.585078416,8.420251403
Latin America and Caribbean,6.892220547,6.839093219,6.842713974,6.813277932,6.718428629,6.630119642,6.539659126,6.46273924,6.536564629,6.606660967,6.536570383,6.467077294,6.435884583,6.330623458,6.312786033,6.310335557,6.389895713,6.405046451
Latvia,28.11157337,28.53167811,27.48659088,25.55142185,24.14803277,24.56853982,24.85647773,23.42923696,21.62278866,20.2168931,19.33808611,18.16570162,17.77858492,17.64272868,17.62475267,17.16411382,16.94008457,16.98867374
Lebanon,5.053832425,4.984196912,4.927660331,4.897658074,4.896157873,4.889841467,4.853856396,4.846962365,4.848784277,4.854846743,4.830294174,4.852307012,4.82827943,4.849518837,4.845117365,4.813600675,4.791321684,4.778861022
Lesotho,28.18131385,28.97846481,30.53213732,32.15039052,33.11601242,33.8338632,34.08873709,34.36853886,35.0735288,34.61292606,34.5802612,34.33019893,34.52095178,34.71517151,34.59657984,34.27652644,33.09882905,31.71521752
Liberia,12.10083219,12.12364406,12.37152287,12.5822088,12.85230758,13.10265094,13.13987057,13.16213172,13.16130223,13.31427213,13.43624625,13.42495742,13.58510347,13.59753389,13.41439935,13.34392837,13.28802629,13.21205337
Libya,6.918681639,6.979050156,6.926869365,6.77991969,6.83369571,6.790453215,6.559881477,6.525537969,7.010583186,7.587833027,7.948966235,8.401031559,8.468889259,8.23093473,8.271480516,8.347896317,8.059499935,8.072802093
Lithuania,40.40695313,41.52278771,39.88733483,38.45515633,37.54145883,38.56010803,38.33895401,39.55163689,37.03494444,32.80968449,32.01011467,31.32517588,30.97556589,31.8997562,30.4101887,29.41731891,28.1767995,27.99058442
Low SDI,12.56769116,12.34350209,12.03881663,11.73309867,11.52872442,11.4766526,11.3704918,11.26958406,11.25923356,11.24957065,11.23198321,11.14326534,10.91786428,10.705069,10.63745961,10.51500656,10.54289685,10.50866298
Low-middle SDI,15.28618502,14.83580687,14.39240601,13.95928168,13.57984862,13.63340284,13.42745472,13.1684101,13.05923799,13.03545825,13.03526959,13.0213558,12.74343559,12.38734872,12.20301097,11.81926467,11.69999095,11.55168245
Luxembourg,12.48226046,12.18681354,12.06660315,11.56113944,11.30720799,10.78845752,10.59737257,10.12737442,9.65683001,9.436772986,9.300325562,9.249127057,9.045682585,8.83483952,8.900848794,8.94227306,8.782066076,8.704992604
Macedonia,7.804875681,7.995691533,8.123730839,7.883200024,7.466821009,7.306096201,7.412369056,7.389126227,7.026391717,6.997086218,6.768552845,6.515263268,6.560708188,6.402509389,6.414836225,6.703023415,6.860036384,6.779789281
Madagascar,13.08457409,12.75748691,12.77719045,12.75858643,12.49162539,12.10262199,11.80759537,11.52712846,11.50150855,11.54198588,11.52644093,11.46374892,11.348684,11.25464861,11.18811233,11.14164463,11.06769912,10.98562128
Malawi,15.05723106,14.62998182,14.3333003,14.1364274,14.0374115,13.78624263,13.54970325,13.31338316,13.12300784,13.01701009,13.06393432,12.96103989,12.79727391,12.58748633,12.41448404,12.34134741,12.28375702,12.11902436
Malaysia,9.028468876,8.646608609,8.46378348,8.566142943,8.374805503,8.059333389,7.782620484,7.599242622,7.701960826,7.792949998,7.550089553,7.220894961,7.203498343,7.21622053,7.491782115,7.652473206,7.726187122,7.845130367
Maldives,6.073786926,5.627620222,5.285012928,5.002910493,4.751365325,4.569467731,4.435143408,4.305074202,4.130163536,3.84075382,3.687344274,3.578077575,3.436198822,3.39073847,3.358953999,3.342473435,3.342882942,3.3461226
Mali,7.067092394,6.971882621,6.938531986,6.845500977,6.791692724,6.720110808,6.69549955,6.722374286,6.707996887,6.729455062,6.752556745,6.718036384,6.689174612,6.695721083,6.716615891,6.762649418,6.835399672,6.811872286
Malta,4.745277491,4.694354295,4.61489285,4.657860311,4.667292935,4.65118962,4.746611865,4.787089457,4.743705785,4.726502371,4.669098545,4.479659051,4.476067897,4.381708429,4.330532997,4.361657958,4.496287419,4.52703218
Marshall Islands,25.12807811,24.89905027,25.05552863,24.99601742,24.91126706,24.84724455,24.89275997,24.70184113,24.55213199,24.3470313,24.14722863,23.90852493,23.66308667,23.4310156,23.17653466,22.96721734,22.70582364,22.46109451
Mauritania,7.26478811,7.201738578,7.08200564,6.984648505,6.939564439,6.84846109,6.775593979,6.72986466,6.707261665,6.703618516,6.677330173,6.673695605,6.669557001,6.666951435,6.653614276,6.641016516,6.648703611,6.635567299
Mauritius,11.16105621,10.59671744,10.52731081,9.588780301,9.219679861,9.237714917,9.365438849,9.130815366,8.750598708,8.89877574,8.626830194,8.803990211,8.683489698,8.321352194,8.634499872,8.739195179,8.36801334,8.310517248
Mexico,4.900253151,4.904565074,5.021725018,5.10383718,5.032097783,5.175832835,5.155548564,5.203591764,5.623507336,5.947709436,6.054067844,6.075077847,5.951566135,5.721664118,5.729820908,5.74048253,5.883073831,5.922387652
Micronesia (country),19.31108351,18.99059436,18.71658161,18.43962041,18.25356192,18.05632354,17.93107807,17.82636721,17.73795459,17.65492843,17.53419738,17.41554538,17.30833685,17.21816599,17.19657791,17.16120433,17.10205512,17.04516146
Middle SDI,12.93009208,11.76434945,11.18843566,11.22569669,11.23779671,10.97203831,10.55786192,10.19724706,10.01887353,9.884832191,9.758712449,9.498122559,9.217378408,8.949559028,8.853991714,8.747194567,8.723323237,8.686073557
Moldova,16.92248474,16.80252467,16.71564566,16.90819734,17.45672485,18.50613459,18.10854407,17.46248772,17.28827949,17.55935345,17.41724295,15.45039292,14.67991992,14.15418248,14.51933796,14.5926341,14.05130086,13.63674914
Mongolia,20.74208426,20.49644692,20.33797195,20.10891443,20.27826865,20.28742619,19.80528272,19.0439052,17.98368008,17.56104435,17.47477038,17.13495399,16.86263528,16.36203236,15.89197967,15.80153732,15.5104537,15.35814334
Montenegro,11.24139238,11.3700349,11.34103317,11.51121551,11.5910948,11.78000033,11.47205736,11.28491004,11.06159451,10.76752583,10.43791517,10.20825447,9.944022349,9.950651608,9.845994102,9.647781145,9.442425285,9.382655422
Morocco,9.179431857,9.174693253,9.070681819,8.965898618,8.834282665,8.708363442,8.593053127,8.546071671,8.480685491,8.404692748,8.328720751,8.119985726,7.92628316,7.738088869,7.567383037,7.393316272,7.228808991,7.14697167
Mozambique,15.83838318,15.59935032,15.6792632,15.75627093,15.98072672,16.3160134,16.64642393,17.07491318,17.3466823,17.49229107,17.72820416,17.82128512,17.86103848,17.8178873,17.72994665,17.63780824,17.46915357,17.20414341
Myanmar,7.030205997,6.957849291,6.861170345,6.762174732,6.687742861,6.532083721,6.388924353,6.218148371,6.048016336,5.914302606,5.740158984,5.625361406,5.486784503,5.38397384,5.268501004,5.193116607,5.123096638,5.042599564
Namibia,21.12433311,20.72209178,20.67751015,20.09257977,19.31938576,18.28295175,17.11289005,16.04254185,15.1820398,14.40813953,13.79815104,13.0886767,12.66281788,12.3778528,12.1314666,11.96998276,11.87201769,11.81252592
Nepal,9.362344265,9.017696786,8.774399265,8.596152049,8.480616283,8.435877609,8.466294963,8.552942829,8.607979714,8.678083679,8.725593663,8.717485886,8.708600318,8.66766171,8.597368246,8.561772369,8.45168259,8.370004911
Netherlands,9.570061248,9.44738607,9.44318867,9.388076671,9.116099451,8.845291915,8.647104974,8.440368766,8.673899597,8.656070649,8.803439049,9.028925534,9.247194436,9.241445476,9.084085073,9.222200102,9.306815789,9.169106187
New Zealand,13.18430853,13.13319699,13.00761737,13.01239602,12.70318838,12.54430609,12.19411563,12.2404827,12.14020778,11.9380601,11.77485314,11.66440662,11.57118912,11.09457302,10.91207719,10.92665314,11.20023326,11.29634236
Nicaragua,9.528042152,9.388801359,9.284074298,9.15948364,8.876978396,8.6958242,8.034079597,7.848034101,7.684235636,7.372810864,6.925176908,6.890053164,6.825950918,6.750635399,6.748452958,6.223639532,5.962931353,5.862555356
Niger,8.370294495,8.325137774,8.153466535,8.022561038,7.858231562,7.774149259,7.729594627,7.644928351,7.549838904,7.538189544,7.516553174,7.535023042,7.530492564,7.553508276,7.601178206,7.617555966,7.645102873,7.634457206
Nigeria,9.047530754,8.858171299,8.69671681,8.479180783,8.273296502,8.017480966,7.948680799,7.881291823,7.769439263,7.748434229,7.766535012,7.65194109,7.591109896,7.531538836,7.539559575,7.521572103,7.549027063,7.539960024
North Africa and Middle East,5.646928174,5.63217819,5.612123913,5.549866889,5.48089187,5.408764848,5.325369656,5.242028475,5.186996445,5.166900501,5.122743018,5.055726423,4.994782538,4.91531418,4.852356375,4.806679138,4.7563705,4.71881529
North America,11.05536918,11.19060932,11.36152026,11.42518374,11.2933136,11.52071227,11.59540038,11.63707814,11.71218579,11.77201091,11.6693304,11.82052443,11.88899385,11.91701535,12.08990648,12.38474931,12.66220811,12.64046911
North Korea,12.70049459,12.55378171,12.42145754,12.28560379,12.13969649,11.98715436,11.89454368,11.79754359,11.74493674,11.6623733,11.56659839,11.49032875,11.40493544,11.32015704,11.24041993,11.17881983,11.11240874,11.06669249
Northern Ireland,9.462495703,8.979620465,9.125465644,8.351856655,8.699110664,9.621018537,10.46842789,10.64060991,11.0209854,11.29478269,11.3997,10.4316151,10.09766411,10.00965766,9.726898339,10.08950298,9.782970773,9.546819365
Northern Mariana Islands,10.11873794,10.90441578,11.03022226,11.12088139,10.92371588,10.83424949,10.75481563,10.79735574,11.01153088,11.14650345,11.29721306,11.53282662,11.71862725,11.79516032,11.88506923,12.09377632,12.11244373,12.15776866
Norway,12.55217289,12.31316174,11.8807355,11.59427704,11.49205821,11.29151164,10.91401796,10.5996187,10.76742135,10.97024939,10.8532661,10.81847821,10.01963054,10.10614998,9.654408334,9.332552789,9.201910752,9.268806468
Oceania,22.11749281,22.01857502,21.99718605,22.03393924,22.01589463,22.02418174,22.04149201,22.05434045,22.05061735,21.93242416,21.89645859,21.82170448,21.72530264,21.58653312,21.43985917,21.32506485,21.17281647,21.06478714
Oman,3.512016421,3.486344289,3.454468715,3.412294535,3.348498272,3.260815603,3.237592267,3.261510539,3.28669281,3.288510179,3.295708968,3.380516984,3.333678259,3.197204366,3.119390459,3.056709895,2.935338599,2.917163716
Pakistan,5.56894065,5.58530832,5.587924375,5.57149029,5.527921412,5.489696226,5.310455757,5.143147384,5.044361902,4.921219677,4.799921254,4.737811202,4.699096042,4.655147942,4.640484571,4.564877887,4.510080278,4.447947653
Palestine,4.881708378,4.879107013,4.893329906,4.851371934,4.823624062,4.761766084,4.698921305,4.610747821,4.499766015,4.377349425,4.239233822,4.124627052,4.010060147,3.907494135,3.692880315,3.643844285,3.591606718,3.546909945
Panama,6.227879648,6.354722028,6.474130381,6.742506309,6.417510154,6.24975146,6.368030508,6.245389332,6.429775124,6.297387704,5.830554198,5.661495233,5.564718666,5.260817679,5.257997017,4.983266555,4.894112484,4.979081169
Papua New Guinea,25.286646,25.15143822,25.10730822,25.1131209,25.10701641,25.06959292,25.04435801,24.98772524,24.87732421,24.68240492,24.5395756,24.36756162,24.16128844,23.9319215,23.68659569,23.47961588,23.24585576,23.0743527
Paraguay,5.373844637,5.394447011,5.536322215,5.840494982,6.154330793,6.127523387,6.140092167,5.938042677,5.96401331,6.178498646,6.064630359,5.9390557,5.813733961,5.978085689,5.921447453,5.799205749,5.789450537,5.752984965
Peru,4.569351767,4.309290284,4.221114472,4.247234917,4.1456385,3.995653936,3.772150037,3.661029879,3.671326887,3.812230206,3.797474082,3.718331538,3.60009514,3.415694125,3.246843152,3.160445297,3.147127083,3.138703281
Philippines,4.890988912,4.785418225,4.712055352,4.630913475,4.429874301,4.55036483,4.791673325,4.949540487,5.160660809,5.388772356,5.490186607,5.58964291,5.732838539,5.786950421,5.873445493,6.079462706,6.05167075,6.007670191
Poland,16.49351101,16.52944732,16.45143865,16.3329958,16.70830447,16.78256386,16.79211865,16.88771378,16.92821282,16.77239951,16.20786961,16.06926413,15.86661351,15.29981714,14.54707147,14.51406822,14.21652834,13.94814001
Portugal,9.965615965,9.95244932,9.85035357,9.581262327,9.019864268,8.749981105,8.746018922,9.02878517,9.131682753,9.217654406,9.236451687,9.030942241,8.863974148,8.666408372,8.527018943,7.778090209,7.64201923,7.687679698
Puerto Rico,7.451746359,7.510229599,6.924849904,6.758070359,6.857012984,7.032820291,6.916471872,6.892428736,6.91733626,7.091147097,6.643180775,6.757536422,6.290806691,6.12400404,5.737501874,5.620765509,5.919667769,6.089368058
Qatar,6.461652512,6.313503733,5.88945563,5.519807045,5.249304187,5.059519349,5.103050426,5.1098367,5.097331395,5.103561423,5.03701765,4.961087477,4.915890105,4.940790125,4.885682496,4.629441912,4.624131616,4.639950729
Romania,10.54973912,10.96293339,11.29032515,11.17965242,10.72849461,10.50846289,10.34229945,10.19401731,10.56269318,10.78549205,10.76487177,9.917558322,9.930193634,9.654661867,9.539639446,9.279052392,9.095293361,9.158621987
Russia,44.18017983,43.41586102,42.92428152,42.753197,41.84544795,43.24536356,38.56668601,35.6992254,34.8930479,32.19579595,31.87555782,29.31352467,28.42101224,27.75696353,28.01997006,26.62448443,25.3915076,25.08766881
Rwanda,20.22040733,18.8671975,17.74574803,16.84704296,16.0915424,15.37506447,14.58688882,13.86323435,13.16907683,12.55041441,12.12548775,11.87060928,11.65835177,11.5053649,11.35727132,11.21247801,11.03175528,10.95083997
Saint Lucia,7.11885517,6.765023988,6.757305752,6.894519284,6.952462228,6.779282591,6.666100821,6.485867789,6.284577499,6.28456636,6.278185677,6.314174656,6.354640364,6.410487752,6.434168528,6.594850732,6.818842524,6.902542099
Saint Vincent and the Grenadines,7.229789884,7.330781341,7.161032008,7.069225619,6.934346761,6.743858205,6.587274428,6.487793798,6.501231443,6.514596863,6.681239296,6.759156965,6.850853268,6.936875966,6.976670582,7.047845126,7.167859754,7.216664089
Samoa,12.75187754,12.42123469,12.11595947,11.8343011,11.56951882,11.3158706,11.08986215,10.83867986,10.59722027,10.38245908,10.26184993,10.130383,10.05532513,10.01058972,10.00779415,10.02259884,10.02552784,10.00174334
Sao Tome and Principe,3.059201404,3.079138753,3.112957083,3.223197273,3.259342774,3.269148207,3.300629408,3.264553397,3.295248498,3.339423181,3.362703447,3.41782182,3.56135307,3.588557949,3.588415321,3.582106359,3.554406615,3.537547029
Saudi Arabia,2.508087149,2.510957962,2.589620371,2.636990951,2.66990924,2.747365657,2.799922741,2.857050643,2.865204351,2.902588157,2.949014769,2.983806097,3.006485619,2.97890538,2.992330708,2.987343233,2.974638055,2.947895451
Scotland,13.02802627,12.91043773,12.77453588,11.96800843,11.41062865,10.97351262,11.7662363,11.90867335,12.02375494,11.49472278,11.35373564,11.21061832,10.69662002,10.43056901,9.759744256,10.11231931,10.76837096,10.87854298
Senegal,12.84252056,12.78066225,12.68992598,12.65050802,12.65496708,12.6455762,12.59544372,12.60625963,12.51434893,12.47281169,12.52439339,12.64292536,12.75987725,12.88065974,12.94616033,12.99209523,13.01859218,12.91802401
Serbia,19.21001951,18.3789764,18.11575215,17.90295483,17.52909376,17.39182712,16.7770438,16.16099166,16.00312224,15.56058012,14.66967667,14.33166577,14.02547298,13.50824877,13.39071523,13.49497835,12.90264348,12.67411617
Seychelles,9.312253651,9.120318839,8.909194193,8.74201335,8.484126771,8.151947975,7.912892252,7.794212817,7.681365484,7.523861082,7.453092032,7.472400562,7.544351384,7.639746264,7.744029789,7.864338874,7.982924196,8.019825067
Sierra Leone,9.431167633,9.6331675,9.868400259,9.954950031,10.03129224,10.0780838,10.11162586,10.15748867,10.12799739,10.19616542,10.2985591,10.20790668,10.25148278,10.13921257,10.05800588,10.00548693,9.948689145,9.881137938
Singapore,11.71592038,11.60401279,11.39024142,10.71478272,10.57097539,10.3632091,9.999110806,9.695127384,9.548633177,8.957783975,8.687318683,8.534813622,8.398302684,8.123986285,7.844479423,7.639595851,7.404878043,7.32711794
Slovakia,13.02323754,12.80229895,12.76885009,12.53361854,11.8145791,11.78047135,11.31749829,11.45789623,11.67953362,11.32916967,11.00669613,10.9593027,10.79509088,10.36323866,10.26645759,10.39673728,9.760763807,9.474849651
Slovenia,25.24625317,25.13782769,24.12385234,24.09209031,22.47722845,20.79265609,20.663333,19.64345141,18.39787674,17.1580221,16.19350934,15.53311851,15.50179184,15.22968184,13.97475796,14.61722091,14.44121565,14.37870893
Solomon Islands,19.12594579,18.91078599,18.75013266,18.56792343,18.38032749,18.18151272,18.04699505,17.89311441,17.70437073,17.54407578,17.38379083,17.18067023,16.98856438,16.83801271,16.70011709,16.59587053,16.4825996,16.39779786
Somalia,11.89820623,11.55813011,11.31133272,11.10466463,10.90342334,10.72470276,10.63978289,10.57636886,10.54511079,10.49641387,10.44806677,10.38082422,10.29773249,10.19943609,10.11529216,10.05793797,10.01019686,9.941018501
South Africa,24.27009675,23.00986622,23.11550353,23.14238023,22.53251876,21.53625801,20.62194814,19.17035173,17.86706492,16.30140169,14.59323695,12.89380631,11.87335108,11.14308772,10.79679837,10.76018558,10.92395793,11.15028933
South Asia,17.11279993,16.67588814,16.12652702,15.48927908,15.02609062,15.19811836,15.02571809,14.8047375,14.81482508,14.90838052,15.02307275,15.10342142,14.73749703,14.33011788,14.10428963,13.61846251,13.61122667,13.47959213
South Korea,18.45064942,19.55967029,21.12958128,23.02409031,24.04338133,24.73347523,24.71202091,25.61990207,26.55802323,27.64088972,27.8075663,27.24035292,26.03645798,24.83892538,23.51897906,22.38901605,21.22913702,20.80566027
South Sudan,13.21392215,12.64265192,12.37520044,12.45057116,12.57317987,12.54322985,12.71511208,12.73013567,12.62177449,12.51770808,12.42346397,12.25546672,12.18458047,12.1076606,12.02567633,12.04406154,12.03237022,12.00368436
Southeast Asia,8.338052366,7.923951178,7.703311862,7.502089977,7.188812398,6.949182503,6.804416549,6.684113546,6.610073896,6.462609639,6.380873978,6.336112037,6.257907181,6.15004445,6.138443792,6.148006134,6.15258125,6.129115255
"Southeast Asia, East Asia, and Oceania",12.88738338,11.38879001,10.615507,10.68596339,10.77378996,10.36124676,9.773292228,9.307500341,9.004255914,8.780789603,8.556352587,8.185392036,7.862664705,7.585954706,7.521201081,7.445853425,7.338674237,7.297331846
Southern Latin America,12.79061013,12.82607891,12.65208899,12.16879802,11.59508873,11.39681349,11.33737433,11.63978194,11.57371684,11.61846758,11.31753839,11.28451774,11.27186437,11.22155249,11.00033684,10.84213375,10.88168658,10.85458741
Southern Sub-Saharan Africa,24.78089808,24.07495468,24.50361797,24.57632923,24.1873242,23.38027012,22.55996089,21.31510596,20.25538993,18.91816388,17.41111251,15.84726616,14.86635063,14.1646619,13.77734564,13.67422699,13.71053355,13.77665267
Spain,6.757533453,6.639512669,6.603475118,6.66255175,6.452584552,6.344058726,6.161681299,6.170695924,6.13235939,5.952380203,5.804289069,5.823779799,5.872213368,5.806200971,5.801235554,5.853893179,5.592000068,5.506500793
Sri Lanka,39.5348929,35.6741895,32.86200448,31.83120257,30.00291395,28.88799469,26.64207134,25.48580481,24.56795495,22.17638176,21.03126878,21.31421116,21.0068221,20.11614307,20.15473714,20.02788347,19.95052735,19.80041876
Sub-Saharan Africa,13.77205203,13.45991776,13.31143576,13.18295037,12.96807308,12.69200217,12.48080434,12.21661251,11.99827228,11.78251695,11.58235811,11.32642787,11.14678654,10.97046976,10.85613149,10.77324419,10.71889662,10.66341243
Sudan,5.885397522,5.823627339,5.748225546,5.640474025,5.586921386,5.566456379,5.504392574,5.460852136,5.425059933,5.388884562,5.338010378,5.284129872,5.25269818,5.197701021,5.146245061,5.093174617,5.046375671,5.024815682
Suriname,24.76180024,25.59284751,25.42120411,26.16601154,26.44927097,26.08375074,26.31687373,26.62441665,26.9895606,26.58853001,26.42498239,25.99680914,25.61696826,25.29551237,24.76543184,25.01274636,24.7500216,24.78307205
Swaziland,25.93823717,27.46937498,28.7429602,29.51497598,29.8874306,30.0511597,29.67377772,29.43807473,29.50559115,29.49728014,29.08235913,28.29651061,27.79552479,27.145653,25.94729276,24.70322665,23.53412026,22.31966302
Sweden,12.90425019,12.82229299,12.4941231,12.32092963,12.72101712,12.28118764,12.13666537,12.10942736,12.14905516,12.14411088,11.71249288,11.71893396,11.69056236,11.75923802,11.65915711,11.61837736,11.24979731,11.07673553
Switzerland,16.34129492,15.83381128,15.70879441,15.18776167,14.59591316,14.15179156,13.76145621,13.31215272,12.70500458,12.33028665,11.57784181,11.11237716,10.93553177,10.78683154,10.29518099,9.956266224,9.442203559,9.316062337
Syria,3.260232262,3.117352698,3.0506753,2.891196102,2.926005801,2.92946935,2.874790226,2.88981488,2.97301382,2.971722985,2.994544724,2.976283028,2.977170769,3.008580743,3.035965261,3.062895891,3.078452311,3.082293676
Taiwan,13.8919797,14.85127793,15.38517228,16.11859721,17.0682632,18.2330262,18.01470992,17.28011316,16.61363789,15.77075073,15.10192924,15.09201417,14.52384705,13.68962324,13.61588313,13.18056348,13.39808814,13.52431332
Tajikistan,4.618118531,4.560520079,4.556412435,4.591364569,4.670393426,4.879697329,4.981220133,5.084134192,5.157334931,5.219448351,5.292796009,5.398036046,5.423747923,5.443070233,5.569519582,5.658542063,5.848133277,5.753966106
Tanzania,10.10330918,9.779676259,9.41508034,9.176050547,8.913529259,8.865548746,8.812682959,8.816295094,8.773405813,8.688155751,8.602297213,8.55468752,8.636763364,8.711964988,8.723487583,8.764310315,8.797740581,8.817061528
Thailand,16.78279118,15.49398285,15.09620478,14.24319308,12.85179973,11.65639061,11.38152446,11.09359504,10.89699355,10.47769127,10.56211025,10.43760015,10.23775149,9.911234389,9.966114708,10.03567994,10.30319905,10.44247325
Timor,9.000584878,8.623185699,8.362440692,8.284976391,8.156224767,7.954697754,7.694540607,7.540843337,7.409664498,7.298293712,7.217731488,7.18939111,7.179841066,7.201325646,7.277817711,7.32892041,7.360242873,7.370243834
Togo,13.12914576,13.17991985,13.16027971,13.30223209,13.11321698,13.07422922,13.01162457,12.99267732,13.10489825,13.05254828,13.06018259,12.99374354,12.86879393,12.72362486,12.53731539,12.39136557,12.30890295,12.26024518
Tonga,5.799579626,5.811595831,5.946014576,5.979634105,5.977074594,5.973522402,5.966536158,5.997747673,5.943215686,5.954597973,6.050736126,6.048664324,6.052979655,6.051566496,6.047445716,6.03779629,6.005841422,5.966460412
Trinidad and Tobago,12.87106394,12.59534858,12.26146648,12.09142481,12.20082317,11.8854577,11.26863162,11.48460588,12.51361079,11.60479096,10.91132496,10.12931629,9.942783536,10.14956176,10.10124188,9.979155954,10.04167163,10.12269789
Tropical Latin America,6.311577148,6.299079633,6.258511709,6.26087465,6.250863864,6.179513108,6.072497065,6.030310779,6.013278154,6.025352214,5.978374786,6.021983691,6.052721514,6.040373973,6.002490911,5.982396927,6.069854642,6.087823117
Tunisia,3.66666802,3.641368079,3.61632607,3.586754338,3.549972828,3.518087994,3.491115409,3.449204386,3.403478832,3.371664364,3.345576783,3.300596278,3.259765326,3.225221332,3.194604681,3.166265715,3.136991988,3.110925233
Turkey,3.44526211,3.271157177,3.083352786,3.081637612,3.062407424,3.105206396,3.092309271,3.040679857,3.022156375,3.125180695,3.138472036,3.137034728,3.164253571,3.243146767,3.348255861,3.344761177,3.34918813,3.310770446
Turkmenistan,11.38429504,11.54507699,11.94228529,12.18361359,12.77757821,13.34081807,13.09361005,12.25433288,11.24847431,9.845129777,9.142597564,8.913966937,8.802166542,8.921983043,8.863910556,8.507998806,8.730908738,8.682978398
Uganda,18.13407625,18.08368672,17.74979783,17.31195268,16.91410467,16.4259738,15.7329017,15.08015775,14.38631733,13.86733721,13.38304668,12.96684006,12.70188992,12.54878011,12.30029152,11.90568866,11.5958865,11.54396233
Ukraine,29.55199376,28.06475487,27.58209568,26.49404854,26.4954523,26.17277749,24.46736423,25.5701053,25.18540564,21.16528,19.55538653,18.84054059,19.17474619,19.95183307,20.11242091,28.42139453,27.96606294,25.62222536
United Arab Emirates,4.773268917,4.720284043,4.718139716,4.981369678,5.262218736,5.299607967,5.338175045,5.318900573,5.101350371,5.134644858,5.149191266,5.139011945,5.166071875,5.174148397,5.163182399,5.149067464,5.113126559,5.07479194
United Kingdom,8.50622224,8.262233088,8.122755717,7.914077888,7.590408464,7.438992896,7.651464568,7.590780232,7.719288063,7.589161864,7.455078624,7.234664805,7.050278235,7.192882641,7.147944688,7.272896367,7.368399814,7.356320552
United States,10.90979715,11.08091862,11.29645311,11.3679889,11.2549498,11.50745188,11.63334973,11.67688939,11.76439719,11.83913442,11.74792044,11.94800226,11.9966614,12.03878533,12.19317587,12.50512334,12.8414853,12.83575668
United States Virgin Islands,6.300634268,6.260309468,6.091908674,6.021566789,5.947971587,5.807231671,5.7810882,5.78430345,5.812720591,5.891248339,5.980615358,5.997058274,6.069720888,6.147704552,6.208381352,6.283119986,6.270592322,6.297082645
Uruguay,16.52889774,16.23579464,17.19016171,16.59103191,16.34525967,16.10981676,15.97797553,16.8927467,16.14483701,16.10141294,16.24913572,16.86960054,17.17418881,17.09257299,16.88085668,17.1191124,17.0003519,16.81815712
Uzbekistan,10.9135562,10.90802984,10.73080218,10.61298822,10.89757751,11.13178723,10.57153915,10.23674229,9.849151773,9.38305075,9.153784645,9.299063131,9.549740789,9.68098663,9.827915257,9.529769798,9.475538636,9.3869302
Vanuatu,19.33609946,19.16941374,19.07972917,18.9401971,18.80578158,18.70419846,18.55795325,18.50926002,18.39577884,18.28605382,18.16262791,18.04154624,17.96261562,17.86057147,17.79405126,17.75554982,17.73193755,17.69960095
Venezuela,10.05647095,10.14735843,9.933863564,9.906559548,8.838449831,8.332041197,8.502079634,8.651717431,8.800528616,8.688548137,8.2129723,8.173200411,8.543414914,8.39451263,8.445634608,8.524199225,8.599015476,8.677951247
Vietnam,8.618050898,8.475544641,8.369111513,8.310766367,8.242143174,8.155733864,8.054188837,7.940879105,7.856174212,7.801783284,7.702340597,7.613471461,7.554714687,7.525522591,7.503921314,7.481462725,7.460807379,7.422037807
Wales,9.58944746,9.207585495,9.071551619,9.125856825,8.577450256,8.191797783,8.54815025,8.616655299,8.519525237,8.39534234,8.299229023,8.327406019,8.328088307,8.266526764,7.789950302,8.273339568,8.523388005,8.597607142
Western Europe,10.98930515,10.76025428,10.57668138,10.38655899,9.945346782,9.736009937,9.552780397,9.449314945,9.439766275,9.436263238,9.314848131,9.194731982,9.001483281,8.908075093,8.683052396,8.685626788,8.5662707,8.515449624
Western Sub-Saharan Africa,10.32849242,10.25955698,10.1910807,10.10225845,10.01668496,9.881364769,9.848210958,9.785067218,9.725540333,9.726499306,9.76586671,9.706564872,9.678040669,9.627962091,9.612865566,9.571173656,9.557752468,9.49638795
World,14.09573424,13.41601559,12.9886346,12.80471786,12.60244818,12.48887532,12.04067907,11.71270101,11.55469051,11.36895972,11.23817954,11.01541694,10.72628431,10.45102046,10.31136218,10.15848782,10.06827531,9.976258268
Yemen,6.827571149,6.776791322,6.739427924,6.664775732,6.588213175,6.495502698,6.419887833,6.351011518,6.304505225,6.238556136,6.145165673,6.097822207,6.028458265,5.965534718,5.92216778,5.94208615,5.977991206,6.013435168
Zambia,16.97559311,16.29690692,15.68549296,15.2357931,14.72112157,14.34171229,14.07059173,13.69813024,13.61251827,13.38537347,13.41083903,13.3632021,13.24157974,13.12330401,13.05770378,13.07348973,13.1048187,13.06006094
Zimbabwe,30.02623619,31.70325081,33.96849434,34.41541463,35.19256711,35.26447353,34.98245868,34.55437314,34.302704,33.61948288,32.36655533,30.68367645,29.34589779,28.36120026,27.60554743,27.19706124,26.83959101,26.39176915
